app_version,version_id
6.46.0,1
6.45.0,2
6.44.0,3
6.43.1,4
6.43.0,5
6.42.0,6
6.41.0,7
6.40.0,8
6.39.1,9
6.39.0,10
6.38.0,11
6.37.0,12
6.36.1,13
6.36.0,14
6.35.0,15
6.34.3,16
6.34.2,17
6.34.0,18
6.33.0,19
6.32.0,20
6.31.0,21
6.30.0,22
6.29.0,23
6.28.0,24
6.27.0,25
6.26.0,26
6.25.0,27
6.24.0,28
6.23.0,29
6.22.0,30
6.21.0,31
6.20.0,32
6.19.0,33
6.18.0,34
6.17.0,35
6.16.0,36
6.15.0,37
5.45.0,38
6.14.0,39
6.13.0,40
6.12.0,41
6.11.0,42
6.10.0,43
6.9.1,44
6.9.0,45
6.8.0,46
6.7.0,47
6.6.0,48
6.5.0,49
6.4.0,50
6.3.0,51
6.2.0,52
6.1.0,53
6.0.0,54
5.97.0,55
5.96.0,56
5.95.0,57
5.94.0,58
5.93.0,59
5.92.0,60
5.91.1,61
5.91.0,62
5.90.0,63
5.89.0,64
5.88.1,65
5.88.0,66
5.87.0,67
5.86.0,68
5.85.0,69
5.84.0,70
5.83.0,71
5.82.0,72
5.81.0,73
5.80.0,74
5.79.0,75
5.78.0,76
5.77.0,77
5.76.0,78
5.75.0,79
5.74.1,80
5.73.0,81
5.72.0,82
5.71.0,83
5.70.1,84
5.70.0,85
5.69.0,86
5.68.1,87
5.68.0,88
5.67.0,89
5.66.1,90
5.65.0,91
5.64.0,92
5.63.0,93
5.62.0,94
5.61.0,95
5.60.0,96
5.59.0,97
5.58.0,98
5.57.0,99
5.56.0,100
5.55.0,101
5.54.2,102
5.54.1,103
5.54.0,104
5.53.0,105
5.52.0,106
5.51.0,107
5.50.0,108
5.49.0,109
5.48.0,110
5.47.0,111
5.46.0,112
5.44.0,113
5.43.0,114
5.42.0,115
5.41.0,116
5.40.0,117
5.39.1,118
5.39.0,119
5.38.0,120
5.37.0,121
5.36.0,122
5.35.0,123
5.33.0,124
5.32.0,125
5.31.0,126
5.30.0,127
5.29.0,128
5.28.0,129
5.27.1,130
5.27.0,131
5.26.0,132
5.25.1,133
5.25.0,134
5.24.0,135
5.23.0,136
5.22.0,137
5.21.0,138
5.20.1,139
5.20.0,140
5.19.0,141
5.18.1,142
5.18.0,143
5.17.0,144
5.16.0,145
5.15.0,146
5.14.0,147
5.13.0,148
5.12.0,149
5.11.0,150
5.10.0,151
5.9.0,152
5.8.0,153
5.7.0,154
5.6.0,155
5.5.0,156
5.4.0,157
5.3.0,158
5.2.0,159
5.1.0,160
5.0.0,161
4.55.0,162
4.54.1,163
4.53.0,164
4.52.1,165
4.51.0,166
4.50.0,167
4.49.0,168
4.48.0,169
4.47.0,170
4.46.0,171
4.45.0,172
4.44.0,173
4.43.0,174
4.42.0,175
4.41.0,176
4.40.0,177
4.39.0,178
4.38.0,179
4.37.0,180
4.36.0,181
4.35.0,182
4.34.0,183
4.33.0,184
4.32.0,185
4.31.0,186
4.30.0,187
4.29.0,188
4.28.0,189
4.27.0,190
4.26.0,191
4.24.0,192
4.23.0,193
4.22.0,194
4.21.0,195
4.20.0,196
4.19.0,197
4.18.0,198
4.17.0,199
4.16.0,200
4.14.1,201
4.14.0,202
4.13.0,203
4.12.0,204
4.11.0,205
4.10.0,206
4.9.0,207
4.8.0,208
4.7.0,209
4.6.0,210
4.5.0,211
4.4.0,212
4.3.0,213
4.2.0,214
4.1.0,215
4.0.0,216
3.99.0,217
3.98.0,218
3.97.0,219
3.96.0,220
3.95.0,221
3.94.0,222
3.93.0,223
3.92.0,224
3.91.1,225
3.90.0,226
3.89.0,227
3.88.0,228
3.87.0,229
3.86.0,230
3.85.0,231
3.84.0,232
3.83.0,233
3.82.0,234
3.81.0,235
3.80.0,236
3.78.0,237
3.77.0,238
3.75.0,239
3.74.0,240
3.73.0,241
3.72.0,242
3.71.0,243
3.70.0,244
3.69.0,245
3.68.0,246
3.67.0,247
3.66.0,248
3.65.0,249
3.64.0,250
3.63.1,251
3.63.0,252
3.62.0,253
3.61.0,254
3.60.0,255
3.59.0,256
3.58.0,257
3.57.0,258
3.56.0,259
3.55.0,260
3.54.0,261
3.53.0,262
3.52.1,263
3.51.0,264
3.50.0,265
3.49.0,266
3.48.0,267
3.47.1,268
3.47.0,269
3.46.0,270
3.45.0,271
3.44.0,272
3.43.0,273
3.42.0,274
3.41.1,275
3.41.0,276
3.40.0,277
3.39.0,278
3.38.0,279
3.37.0,280
3.36.0,281
3.35.0,282
3.34.0,283
3.33.0,284
3.32.0,285
3.31.0,286
3.30.0,287
3.29.0,288
3.28.0,289
3.27.1,290
3.27.0,291
3.26.0,292
3.25.0,293
3.24.1,294
3.24.0,295
3.23.0,296
3.22.1,297
3.22.0,298
3.21.0,299
3.20.0,300
3.19.0,301
3.18.0,302
3.17.0,303
3.15.0,304
3.14.0,305
3.13.0,306
3.12.1,307
3.12.0,308
3.11.0,309
3.10.0,310
3.9.0,311
3.8.0,312
3.7.0,313
3.5.1,314
3.5.0,315
3.4.0,316
3.3.0,317
3.2.0,318
3.1.0,319
3.0.1,320
2.65.0,321
3.0.0,322
2.64.0,323
2.59.0,324
2.63.0,325
2.62.0,326
2.61.0,327
2.60.0,328
2.58.0,329
2.57.0,330
2.56.0,331
2.54.1,332
2.51.0,333
2.54.0,334
2.53.0,335
2.52.0,336
2.50.0,337
2.49.0,338
2.48.0,339
2.47.0,340
2.33.0,341
2.46.0,342
2.44.0,343
2.45.0,344
2.43.0,345
2.42.0,346
2.41.0,347
2.40.0,348
2.39.0,349
2.38.0,350
2.37.0,351
2.36.1,352
2.36.0,353
2.35.0,354
2.34.0,355
2.32.0,356
2.31.0,357
2.30.0,358
2.29.0,359
2.28.0,360
2.27.0,361
2.26.0,362
2.25.0,363
2.24.0,364
2.23.0,365
2.22.0,366
2.21.0,367
2.20.0,368
2.19.0,369
2.18.0,370
2.17.0,371
2.16.0,372
2.15.0,373
2.13.0,374
2.12.0,375
2.11.0,376
2.10.0,377
2.9.0,378
2.8.1,379
2.8.0,380
2.7.0,381
2.6.0,382
2.5.1,383
2.4.0,384
2.3.0,385
2.2.0,386
2.1.0,387
2.0.0,388
1.9.35,389
1.9.34,390
1.9.30,391
1.9.33,392
1.9.32,393
1.9.31,394
1.9.29,395
1.9.28,396
1.9.22,397
1.9.23,398
1.9.27,399
1.9.26,400
1.9.25,401
1.9.24,402
1.9.21,403
1.9.20,404
1.9.14,405
1.9.19,406
1.9.18,407
1.9.17,408
1.9.16,409
1.9.15,410
1.9.12,411
1.9.13,412
1.9.11,413
1.9.9,414
1.9.10,415
1.9.8,416
1.9.6,417
1.9.7,418
1.9.5,419
1.9.4,420
1.9.3,421
1.9.1,422
1.9.2,423
1.9.0,424
1.8.2,425
1.8.1,426
1.8,427
1.7.2,428
1.6,429
1.7,430
1.6.3,431
1.6.2,432
1.6.1,433
1.5.3,434
1.5.2,435
1.5.1,436
1.5,437
1.4.3,438
1.4.2,439
1.4.1,440
1.4,441
1.3.1,442
1.3.0,443
1.2.1,444
1.2.0,445
1.1.4,446
2.53.1,447
,448
2.52.1,449
1.3.2,450
2.47.1,451
2.41.1,452
2.34.1,453
2.46.2,454
2.31.1,455
2.40.2,456
2.44.1,457
2.42.1,458
1.24.0,459
2.39.1,460
2.3.1,461
2.40.1,462
2.25.1,463
2.13.1,464
2.35.1,465
1.25.1,466
2.26.1,467
2.28.1,468
2.10.1,469
2.14.0,470
1.18.1,471
2.29.1,472
2.12.2,473
1.26.1,474
2.19.1,475
2.15.1,476
2.0.3,477
2.4.1,478
2.11.3,479
2.11.2,480
1.20.1,481
2.1.2,482
2.0.4,483
2.6.1,484
2.5.0,485
1.21.1,486
1.27.1,487
2.0.2,488
1.26.0,489
1.25.0,490
1.23.1,491
1.22.1,492
1.19.1,493
1.20.0,494
1.19.0,495
1.17.2,496
1.16.1,497
1.8.4,498
1.12.1,499
1.15.2,500
1.13.1,501
1.15.1,502
1.14.1,503
1.13.0,504
1.11.1,505
1.10.0,506
0.3.0,507
1.7.0,508
1.8.0,509
1.6.5,510
1.5.4,511
1.3.4,512
1.5.0,513
1.3.3,514
1.2.2,515
1.1.7,516
1.1.5,517
1.1.3,518
1.0.1,519
1.1.1,520
1.1.2,521
1.0.0,522
0.4.3,523
0.3.1,524
0.2.4,525
0.1.7,526
0.1.6,527
0.1.4,528
0.1.3,529
0.1.2,530
1.0,531
4.12.1,532
4.7.1,533
4.11.1,534
3.95.1,535
3.79.0,536
4.5.1,537
3.89.1,538
4.4.1,539
4.1.1,540
3.17.1,541
2.59.1,542
3.86.1,543
3.91.0,544
3.98.1,545
3.92.1,546
3.75.1,547
3.88.1,548
3.23.2,549
3.69.1,550
3.83.1,551
3.71.1,552
3.55.1,553
3.76.0,554
3.6.0,555
3.50.1,556
3.76.1,557
3.52.0,558
3.64.2,559
3.44.1,560
3.2.1,561
3.48.1,562
3.54.1,563
3.28.1,564
2.64.2,565
2.65.2,566
3.23.1,567
3.3.1,568
2.64.1,569
2.55.1,570
2.60.1,571
5.56.1,572
5.42.1,573
5.35.1,574
5.34.0,575
5.6.1,576
4.53.1,577
5.31.1,578
4.40.1,579
4.47.1,580
5.29.1,581
4.46.1,582
5.26.1,583
5.21.1,584
5.0.1,585
4.54.0,586
5.14.1,587
4.43.1,588
4.55.1,589
4.52.0,590
4.38.1,591
4.45.1,592
4.46.2,593
4.24.1,594
4.25.0,595
4.15.0,596
4.22.1,597
